aptDong,aptNm,aptSeq,bonbun,bubun,buildYear,buyerGbn,cdealDay,cdealType,dealAmount,dealDay,dealMonth,dealYear,dealingGbn,estateAgentSggNm,excluUseAr,floor,jibun,landCd,landLeaseholdGbn,rgstDate,roadNm,roadNmBonbun,roadNmBubun,roadNmCd,roadNmSeq,roadNmSggCd,roadNmbCd,sggCd,slerGbn,umdCd,umdNm,date_id
 ,서초동삼성쉐르빌2,11650-608,1330,0,2002,개인, , ,"27,500",5,9,2024,직거래, ,35.22,3,1330,1,N, ,강남대로53길,11,0,4163026,1,11650,0.0,11650,개인,10800,서초동,2024-09-11
 ,구로두산위브,11530-3249,1278,0,2006,개인, , ,"49,300",1,9,2024,중개거래,서울 구로구,36.88,6,1278,1,N, ,디지털로31길,85,0,4148335,1,11530,0.0,11530,개인,10200,구로동,2024-09-11
 ,현대상선,11530-38,685,147,1987,개인, , ,"57,000",3,9,2024,중개거래,서울 구로구,64.55,8,685-147,1,N, ,구일로10길,53,0,4148289,1,11530,0.0,11530,개인,10200,구로동,2024-09-11
 ,(749-29),11530-419,749,29,1996,개인, , ,"19,000",2,9,2024,중개거래,서울 구로구,44.61,1,749-29,1,N, ,구로동로20길,58,8,4148207,1,11530,0.0,11530,개인,10200,구로동,2024-09-11
 ,대우,11530-51,296,0,1999,개인, , ,"55,500",1,9,2024,중개거래,서울 구로구,59.96,8,296,1,N, ,고척로52길,53,0,4148179,0,11530,0.0,11530,개인,10600,고척동,2024-09-11
 ,오류동금호어울림,11530-3225,347,0,2006,개인, , ,"54,500",5,9,2024,중개거래,서울 구로구,59.98,6,347,1,N, ,고척로,41,0,3116003,3,11530,0.0,11530,개인,10800,오류동,2024-09-11
 ,럭키,11530-10,1257,0,1992,개인, , ,"55,000",7,9,2024,중개거래,서울 구로구,59.98,7,1257,1,N, ,도림로,107,0,3116010,1,11530,0.0,11530,개인,10200,구로동,2024-09-11
 ,천왕이펜하우스5단지,11530-3485,277,0,2011,개인, , ,"69,000",1,9,2024,중개거래,서울 구로구,84.98,11,277,1,N, ,천왕로,10,0,3116016,1,11530,0.0,11530,개인,11100,천왕동,2024-09-11
 ,개봉동상우,11530-236,487,0,2005,개인, , ,"54,000",3,9,2024,중개거래,서울 구로구,64.91,13,487,1,N, ,남부순환로97길,74,0,4148301,1,11530,0.0,11530,개인,10700,개봉동,2024-09-11
 ,뉴파인,11530-3276,236,4,2007,개인, , ,"41,200",7,9,2024,중개거래,서울 구로구,76.17,6,236-4,1,N, ,오리로21길,90,0,4148437,1,11530,0.0,11530,개인,10900,궁동,2024-09-11
 ,새솔금호,11530-15,108,2,1996,개인, , ,"45,900",7,9,2024,중개거래,서울 구로구,59.9,2,108-2,1,N, ,공원로,35,0,3116004,1,11530,0.0,11530,개인,10200,구로동,2024-09-11
 ,개봉동현대아이파크,11530-3213,489,0,2006,개인, , ,"86,000",4,9,2024,중개거래,서울 구로구,84.98,3,489,1,N, ,개봉로2길,133,15,4148053,1,11530,0.0,11530,개인,10700,개봉동,2024-09-11
 ,개봉푸르지오,11530-3798,492,0,2014,개인, , ,"84,500",4,9,2024,중개거래,서울 구로구,84.94,12,492,1,N, ,남부순환로,775,0,2000003,3,11530,0.0,11530,개인,10700,개봉동,2024-09-11
 ,신도림LG자이,11530-148,42,0,2004,개인, , ,"97,000",1,9,2024,중개거래,서울 구로구,84.952,7,42,1,N, ,새말로18길,64,0,4148369,1,11530,0.0,11530,개인,10200,구로동,2024-09-11
 ,썬앤빌,11530-3799,34,13,2014,개인, , ,"7,300",3,9,2024,중개거래,서울 구로구,14.064,14,34-13,1,N, ,경인로19가길,40,0,4148073,0,11530,,11530,개인,10800,오류동,2024-09-11
 ,서울가든,11530-56,141,1,1989,개인, , ,"50,000",4,9,2024,중개거래,서울 구로구,64.39,3,141-1,1,N, ,중앙로5길,62,0,4148467,1,11530,0.0,11530,개인,10600,고척동,2024-09-11
 ,한신휴플러스(1280-0),11530-3282,1280,0,2007,개인, , ,"59,250",2,9,2024,중개거래,서울 구로구,50.17,19,1280,1,N, ,디지털로31길,120,0,4148335,1,11530,0.0,11530,개인,10200,구로동,2024-09-11
 ,구로두산,11530-9,1265,0,1998,개인, , ,"42,000",1,9,2024,중개거래,서울 구로구,44.64,23,1265,1,N, ,도림로,59,0,3116010,1,11530,0.0,11530,개인,10200,구로동,2024-09-11
 ,현대,11530-36,74,30,1988,개인, , ,"50,000",2,9,2024,중개거래,서울 구로구,56.49,12,74-30,1,N, ,구로중앙로18길,68,0,4148251,1,11530,0.0,11530,개인,10200,구로동,2024-09-11
 ,DMC파크뷰자이1단지,11410-4479,385,0,2015,개인, , ,"169,000",4,9,2024,중개거래,서울 서대문구,120.492,19,385,1,N, ,가재울미래로,2,0,3351018,1,11410,0.0,11410,개인,12000,남가좌동,2024-09-11
 ,디엠씨엘가,11410-4634,387,0,2017,개인, , ,"13,900",10,9,2024,중개거래,서울 서대문구,13.03,4,387,1,N, ,모래내로,151,0,3112015,0,11410,0.0,11410,개인,12000,남가좌동,2024-09-11
 ,DMC래미안e편한세상,11410-4085,481,0,2012,개인, , ,"105,000",4,9,2024,중개거래,서울 서대문구,59.97,11,481,1,N, ,수색로,100,0,3005054,1,11410,0.0,11410,개인,11900,북가좌동,2024-09-11
 ,래미안남가좌2차,11410-3524,379,0,2005,개인, , ,"106,000",2,9,2024,중개거래,서울 서대문구,84.806,2,379,1,N, ,수색로6길,43,0,4136203,1,11410,0.0,11410,개인,12000,남가좌동,2024-09-11
 ,북한산더샵,11410-4702,464,0,2017,개인, , ,"97,000",1,9,2024,중개거래,서울 동작구,59.899,12,464,1,N, ,통일로,510,0,3000008,9,11410,0.0,11410,개인,11800,홍은동,2024-09-11
 ,금호어울림,11410-4537,471,0,2016,개인, , ,"85,000",7,9,2024,중개거래,서울 서대문구,84.759,10,471,1,N, ,모래내로,411,0,3112015,1,11410,0.0,11410,개인,11100,홍제동,2024-09-11
 ,극동,11410-77,454,0,1995,개인, , ,"56,500",4,9,2024,중개거래,서울 서대문구,84.98,14,454,1,N, ,포방터10길,33,0,4136410,1,11410,0.0,11410,개인,11800,홍은동,2024-09-11
 ,극동,11410-77,454,0,1995,개인, , ,"50,800",6,9,2024,중개거래,서울 서대문구,84.98,5,454,1,N, ,포방터10길,33,0,4136410,1,11410,0.0,11410,개인,11800,홍은동,2024-09-11
 ,홍제에스피엘,11410-5010,322,138,2023,개인, , ,"71,510",2,9,2024,직거래, ,84.258,7,322-138,1,N, ,모래내로,424,0,3112015,0,11410,0.0,11410,개인,11100,홍제동,2024-09-11
 ,DMC휴먼빌아파트,11410-3608,456,0,2008,개인, , ,"77,000",2,9,2024,중개거래,서울 서대문구,84.99,12,456,1,N, ,거북골로18가길,23,0,4136032,1,11410,0.0,11410,개인,11900,북가좌동,2024-09-11
 ,남가좌동현대,11410-104,376,0,1999,개인, , ,"91,800",1,9,2024,중개거래,서울 서대문구,114.9,1,376,1,N, ,가재울로,45,0,3112001,1,11410,0.0,11410,개인,12000,남가좌동,2024-09-11
 ,북한산두산위브,11410-4813,467,0,2020,개인, , ,"75,500",1,9,2024,중개거래,서울 서대문구,59.54,14,467,1,N, ,홍은중앙로3길,9,0,4136429,0,11410,,11410,개인,11800,홍은동,2024-09-11
109,래미안루센티아,11410-4824,390,0,2020,개인, , ,"117,000",1,9,2024,중개거래,서울 서대문구,84.84,2,390,1,N,24.09.03,거북골로,100,0,3112003,3,11410,0.0,11410,개인,12000,남가좌동,2024-09-11
 ,삼익,11545-41,5,13,1999,개인, , ,"44,700",7,9,2024,중개거래,서울 금천구,59.76,14,5-13,1,N, ,독산로50길,89,0,4151113,2,11545,0.0,11545,개인,10300,시흥동,2024-09-11
 ,금천롯데캐슬골드파크3차,11545-2479,1155,0,2018,개인, , ,"92,000",6,9,2024,중개거래,서울 금천구,59.9672,42,1155,1,N, ,시흥대로,291,0,2005010,0,11545,,11545,개인,10200,독산동,2024-09-11
 ,관악산벽산타운5,11545-55,1013,0,2004,개인, , ,"44,400",6,9,2024,중개거래,서울 금천구,59.34,6,1013,1,N, ,금하로,816,0,3000024,1,11545,0.0,11545,개인,10300,시흥동,2024-09-11
1403,독산주공14단지,11545-17,1088,0,1990,개인, , ,"36,500",5,9,2024,직거래, ,44.89,12,1088,1,N,24.09.05,한내로,69,54,3117008,1,11545,0.0,11545,개인,10200,독산동,2024-09-11
 ,금천현대,11545-23,711,2,2002,개인, , ,"69,000",2,9,2024,중개거래,서울 금천구,84.83,7,711-2,1,N, ,벚꽃로,73,0,3116013,2,11545,0.0,11545,개인,10200,독산동,2024-09-11
 ,세진(1037-31),11545-170,1037,31,2005,개인, , ,"38,000",3,9,2024,중개거래,서울 금천구,60.87,3,1037-31,1,N, ,독산로,211,0,3117004,1,11545,0.0,11545,개인,10200,독산동,2024-09-11
 ,남서울건영2,11545-34,384,12,1989,개인, , ,"29,500",3,9,2024,중개거래,서울 금천구,41.34,2,384-12,1,N, ,독산로10길,96,0,4151056,1,11545,0.0,11545,개인,10300,시흥동,2024-09-11
 ,정릉우성아파트 101~105동,11290-48,1020,0,2000,개인, , ,"65,200",5,9,2024,중개거래,서울 성북구,84.96,8,1020,1,N, ,북악산로,813,0,3100019,4,11290,0.0,11290,개인,13300,정릉동,2024-09-11
 ,월곡두산위브,11290-88,222,0,2003,개인, , ,"82,000",7,9,2024,중개거래,서울 성북구,84.843,5,222,1,N, ,오패산로,46,0,3005044,1,11290,0.0,11290,개인,13600,하월곡동,2024-09-11
 ,돈암힐스테이트,11290-3519,639,0,2007,개인, , ,"100,000",10,9,2024,중개거래,서울 성북구,112.42,3,639,1,N, ,아리랑로,68,0,3107009,1,11290,0.0,11290,개인,10300,돈암동,2024-09-11
 ,동아에코빌,11290-71,101,0,2003,개인, , ,"73,000",7,9,2024,중개거래,서울 성북구,84.97,14,101,1,N, ,장월로1길,28,0,4121514,2,11290,0.0,11290,개인,13700,상월곡동,2024-09-11
 ,길음뉴타운4단지(e편한세상),11290-212,1281,0,2005,개인, , ,"72,800",7,9,2024,중개거래,서울 성북구,59.97,3,1281,1,N, ,길음로,118,0,3107001,1,11290,0.0,11290,개인,13400,길음동,2024-09-11
 ,센트럴힐,11290-97,46,43,2003,개인, , ,"45,000",4,9,2024,중개거래,서울 성북구,66.84,5,46-43,1,N, ,종암로13길,16,11,4121654,1,11290,0.0,11290,개인,13500,종암동,2024-09-11
 ,동아에코빌,11290-71,101,0,2003,개인, , ,"74,000",9,9,2024,중개거래,서울 성북구,84.97,5,101,1,N, ,장월로1길,28,0,4121514,2,11290,0.0,11290,개인,13700,상월곡동,2024-09-11
 ,길음뉴타운4단지(e편한세상),11290-212,1281,0,2005,개인, , ,"79,000",7,9,2024,중개거래,서울 성북구,59.97,9,1281,1,N, ,길음로,118,0,3107001,1,11290,0.0,11290,개인,13400,길음동,2024-09-11
 ,한진(609-1),11290-20,609,1,1998,개인, , ,"57,000",3,9,2024,중개거래,서울 성북구,59.58,17,609-1,1,N, ,성북로4길,52,0,4121351,2,11290,0.0,11290,개인,10300,돈암동,2024-09-11
 ,종암에스케이,11290-65,104,1,1999,개인, , ,"76,000",4,9,2024,중개거래,서울 성북구,84.72,3,104-1,1,N, ,종암로24가길,53,0,4121668,1,11290,0.0,11290,개인,13500,종암동,2024-09-11
 ,안암동삼성래미안,11290-207,361,0,2005,개인,24.09.07,O,"75,500",7,9,2024,중개거래,서울 성북구,59.6983,9,361,1,N, ,고려대로17가길,64,0,4856601,0,11290,,11290,개인,12100,안암동1가,2024-09-11
 ,이수브라운스톤돈암,11290-116,636,0,2004,개인, , ,"74,500",7,9,2024,중개거래,서울 성북구,59.99,4,636,1,N, ,북악산로,844,0,3100019,0,11290,,11290,개인,10300,돈암동,2024-09-11
 ,라온유,11290-3696,1034,0,2008,개인, , ,"84,000",4,9,2024,중개거래,서울 성북구,84.65,26,1034,1,N, ,정릉로,307,0,3107014,2,11290,0.0,11290,개인,13300,정릉동,2024-09-11
 ,길음뉴타운4단지(e편한세상),11290-212,1281,0,2005,개인, , ,"77,000",7,9,2024,중개거래,서울 성북구,59.86,2,1281,1,N, ,길음로,118,0,3107001,1,11290,0.0,11290,개인,13400,길음동,2024-09-11
 ,길음뉴타운1단지(래미안길음1차),11290-60,1279,0,2003,개인, , ,"119,500",5,9,2024,중개거래,서울 성북구,114.98,9,1279,1,N, ,길음로9길,40,0,4121010,2,11290,0.0,11290,개인,13400,길음동,2024-09-11
 ,이수브라운스톤돈암,11290-116,636,0,2004,개인, , ,"89,700",5,9,2024,중개거래,서울 성북구,84.97,4,636,1,N, ,북악산로,844,0,3100019,0,11290,,11290,개인,10300,돈암동,2024-09-11
 ,길음뉴타운4단지(e편한세상),11290-212,1281,0,2005,개인, , ,"90,000",4,9,2024,중개거래,서울 성북구,84.64,3,1281,1,N, ,길음로,118,0,3107001,1,11290,0.0,11290,개인,13400,길음동,2024-09-11
 ,월곡두산위브,11290-88,222,0,2003,개인, , ,"81,500",2,9,2024,중개거래,서울 성북구,84.843,17,222,1,N, ,오패산로,46,0,3005044,1,11290,0.0,11290,개인,13600,하월곡동,2024-09-11
 ,정릉힐스테이트3차,11290-3622,1031,0,2008,개인, , ,"67,000",4,9,2024,중개거래,서울 성북구,59.98,3,1031,1,N, ,보국문로,116,0,3107004,1,11290,0.0,11290,개인,13300,정릉동,2024-09-11
 ,돈암동해피트리,11290-3980,642,0,2013,개인, , ,"105,000",2,9,2024,중개거래,서울 성북구,132.43,8,642,1,N, ,아리랑로5길,92,0,4121416,1,11290,0.0,11290,개인,10300,돈암동,2024-09-11
 ,동신,11290-67,219,0,1998,개인, , ,"57,000",3,9,2024,중개거래,서울 성북구,59.88,3,219,1,N, ,오패산로3길,17,0,4121443,1,11290,0.0,11290,개인,13600,하월곡동,2024-09-11
 ,종암에스케이,11290-65,104,1,1999,개인, , ,"64,000",2,9,2024,중개거래,"서울 강남구, 서울 성북구",59.04,7,104-1,1,N, ,종암로24가길,53,0,4121668,1,11290,0.0,11290,개인,13500,종암동,2024-09-11
 ,이수브라운스톤돈암,11290-116,636,0,2004,개인, , ,"79,500",2,9,2024,중개거래,서울 성북구,84.97,1,636,1,N, ,북악산로,844,0,3100019,0,11290,,11290,개인,10300,돈암동,2024-09-11
 ,신동아(22),11680-109,22,0,1997,개인, , ,"89,999",2,9,2024,중개거래,"서울 강남구, 서울 서초구",35.73,4,22,1,N, ,강남대로146길,28,0,4166019,1,11680,0.0,11680,개인,10800,논현동,2024-09-11
 ,"현대6차(78~81,83,84,86,87동)",11680-420,456,0,1978,개인, , ,"668,000",6,9,2024,중개거래,서울 강남구,157.36,12,456,1,N, ,압구정로,201,0,3122007,3,11680,0.0,11680,개인,11000,압구정동,2024-09-11
 ,삼성동롯데아파트,11680-168,17,0,2000,개인, , ,"227,000",9,9,2024,중개거래,서울 강남구,84.87,20,17,1,N, ,학동로,432,0,3122011,2,11680,0.0,11680,개인,10500,삼성동,2024-09-11
 ,강남센트럴아이파크,11680-5056,902,0,2022,개인, , ,"430,000",8,9,2024,중개거래,"서울 강남구, 서울 용산구",125.413,14,902,1,N, ,테헤란로44길,26,0,4166740,1,11680,,11680,개인,10100,역삼동,2024-09-11
 ,논현아이파크,11680-4911,225,6,2020,개인, , ,"155,000",9,9,2024,중개거래,서울 강남구,59.75,15,225-6,1,N, ,언주로,615,0,3005086,0,11680,0.0,11680,개인,10800,논현동,2024-09-11
 ,"현대14차(203,204,205,206동)",11680-428,447,0,1987,개인, , ,"470,000",6,9,2024,중개거래,서울 강남구,84.98,10,447,1,N, ,압구정로29길,57,0,4166514,1,11680,0.0,11680,개인,11000,압구정동,2024-09-11
 ,대치푸르지오발라드,11680-5271,176,2,2024,개인, , ,"167,790",6,9,2024,직거래, ,59.4152,10,176-2,1,N, ,개포로,407,0,3122001,0,11680,0.0,11680,법인,10300,개포동,2024-09-11
 ,레미안삼성1차(101동),11680-3632,104,10,2005,개인, , ,"225,000",3,9,2024,중개거래,서울 강남구,84.98,5,104-10,1,N, ,영동대로114길,56,0,4166678,1,11680,0.0,11680,개인,10500,삼성동,2024-09-11
 ,삼성동힐스테이트 1단지,11680-3834,16,2,2008,개인, , ,"285,000",3,9,2024,중개거래,"경기 성남시 분당구, 서울 강남구",84.236,21,16-2,1,N, ,학동로68길,29,0,4166816,1,11680,0.0,11680,개인,10500,삼성동,2024-09-11
 ,대우아이빌명문가(891-23),11680-530,891,23,2004,개인, , ,"29,000",2,9,2024,중개거래,"서울 강남구, 서울 서초구",33.06,11,891-23,1,N, ,선릉로90길,56,0,4166499,1,11680,0.0,11680,개인,10600,대치동,2024-09-11
 ,미성1차,11680-385,414,0,1982,개인, , ,"375,000",2,9,2024,중개거래,서울 강남구,105.65,9,414,1,N, ,압구정로11길,17,0,4166507,1,11680,0.0,11680,개인,11000,압구정동,2024-09-11
 ,한일,11680-195,48,0,2001,개인, , ,"150,000",2,9,2024,중개거래,서울 강남구,55.34,8,48,1,N, ,봉은사로73길,23,0,4166377,1,11680,0.0,11680,개인,10500,삼성동,2024-09-11
 ,래미안삼성2차,11680-3732,7,3,2007,개인, , ,"390,000",2,9,2024,중개거래,서울 강남구,164.72,8,7-3,1,N, ,선릉로130길,20,0,4166458,1,11680,0.0,11680,개인,10500,삼성동,2024-09-11
 ,현대2,11560-39,92,0,1986,개인, , ,"92,000",7,9,2024,중개거래,서울 영등포구,81.2,1,92,1,N, ,국회대로29길,5,0,4154070,1,11560,0.0,11560,개인,11400,당산동4가,2024-09-11
 ,영등포자이르네,11560-2267,1132,0,2022,개인, , ,"62,700",7,9,2024,중개거래,서울 영등포구,49.01,7,1132,1,N, ,시흥대로,625,0,2005010,0,11560,0.0,11560,개인,13300,대림동,2024-09-11
 ,삼환,11560-7,76,1,1999,개인, , ,"95,000",2,9,2024,중개거래,"서울 광진구, 서울 영등포구",59.91,8,76-1,1,N, ,영중로,145,0,3118024,6,11560,0.0,11560,개인,10900,영등포동8가,2024-09-11
306,현대3차,11560-133,608,1,1997,개인, , ,"78,000",2,9,2024,직거래, ,140.54,18,608-1,1,N,24.09.04,도신로,31,0,3118006,3,11560,0.0,11560,개인,13300,대림동,2024-09-11
 ,공작,11560-8,21,2,1976,개인, , ,"239,500",3,9,2024,중개거래,서울 영등포구,93.06,11,21-2,1,N, ,여의대로6길,17,0,4154645,1,11560,0.0,11560,개인,11000,여의도동,2024-09-11
 ,현대3차,11560-133,608,1,1997,개인, , ,"79,500",2,9,2024,중개거래,서울 영등포구,59.83,8,608-1,1,N, ,도신로,31,0,3118006,3,11560,0.0,11560,개인,13300,대림동,2024-09-11
 ,래미안당산1차,11560-49,374,0,1995,개인, , ,"127,000",2,9,2024,중개거래,서울 영등포구,84.99,19,374,1,N, ,당산로54길,11,0,4154134,2,11560,0.0,11560,개인,11700,당산동,2024-09-11
 ,e편한세상영등포아델포레,11560-2141,1127,0,2020,개인, , ,"105,000",2,9,2024,중개거래,서울 영등포구,59.968,15,1127,1,N, ,신길로,29,0,3118014,8,11560,0.0,11560,개인,13300,대림동,2024-09-11
 ,G밸리소홈,11560-2043,1101,7,2018,개인, , ,"15,000",7,9,2024,직거래, ,16.1,12,1101-7,1,N, ,도림천로19길,11,0,4154300,0,11560,0.0,11560,개인,13300,대림동,2024-09-11
 ,포레나영등포센트럴,11560-2164,208,0,2020,개인, , ,"139,500",2,9,2024,중개거래,서울 영등포구,84.8025,20,208,1,N, ,국회대로50길,20,0,4154080,0,11560,0.0,11560,개인,10800,영등포동7가,2024-09-11
 ,에스케이북한산시티,11305-6,1353,0,2004,개인, , ,"55,000",6,9,2024,중개거래,서울 강북구,59.98,1,1353,1,N, ,솔샘로,174,0,3005042,1,11305,0.0,11305,개인,10100,미아동,2024-09-11
 ,다인플레움,11305-134,117,3,2004,개인,24.09.03,O,"25,000",2,9,2024,중개거래,서울 강북구,66.73,3,117-3,1,N, ,삼양로163길,31,0,4124208,1,11305,0.0,11305,개인,10400,우이동,2024-09-11
 ,블레스하임,11440-5777,13,15,2019,개인, , ,"37,700",7,9,2024,중개거래,서울 마포구,25.13,8,13-15,1,N, ,만리재로,45,1,3101016,0,11440,0.0,11440,개인,10300,신공덕동,2024-09-11
 ,래미안공덕4차,11440-3934,464,0,2005,개인, , ,"90,000",2,9,2024,직거래, ,59.9,18,464,1,N, ,마포대로11길,50,0,4139137,1,11440,0.0,11440,개인,10200,공덕동,2024-09-11
 ,월드컵아이파크(667),11440-4586,667,0,2009,개인, , ,"93,000",1,9,2024,중개거래,서울 마포구,59.73,16,667,1,N, ,모래내로9길,6,0,4139213,1,11440,0.0,11440,개인,12500,성산동,2024-09-11
 ,성원2,11440-76,489,0,1999,개인, , ,"67,800",2,9,2024,중개거래,서울 마포구,59.43,3,489,1,N, ,망원로4길,8,0,4139202,1,11440,0.0,11440,개인,12300,망원동,2024-09-11
 ,성산2차e-편한세상,11440-171,604,0,2005,개인, , ,"89,000",4,9,2024,중개거래,서울 마포구,84.95,3,604,1,N, ,월드컵북로,216,0,3113019,4,11440,0.0,11440,개인,12500,성산동,2024-09-11
 ,성사1차풍림아파트101동,11440-112,600,0,2000,개인, , ,"67,000",2,9,2024,중개거래,서울 마포구,59.85,17,600,1,N, ,성암로1길,8,0,4139340,1,11440,0.0,11440,개인,12500,성산동,2024-09-11
 ,신동아아파트2,11320-91,531,0,1992,개인, , ,"79,000",2,9,2024,중개거래,서울 도봉구,147.48,2,531,1,N, ,방학로15길,40,0,4127217,1,11320,0.0,11320,개인,10600,방학동,2024-09-11
 ,창동신도브래뉴1차,11320-113,820,0,2003,개인, , ,"82,500",5,9,2024,중개거래,서울 도봉구,84.989,6,820,1,N, ,도봉로136나길,40,0,4127129,1,11320,0.0,11320,개인,10700,창동,2024-09-11
 ,한화성원아파트,11320-40,731,0,1996,개인, , ,"34,700",3,9,2024,중개거래,서울 도봉구,59.88,15,731,1,N, ,방학로11길,10,0,4127214,2,11320,0.0,11320,개인,10600,방학동,2024-09-11
 ,미라보,11320-9,160,0,1995,개인, , ,"48,350",4,9,2024,중개거래,서울 도봉구,84.97,14,160,1,N, ,시루봉로2길,62,0,4127266,1,11320,0.0,11320,개인,10500,쌍문동,2024-09-11
 ,브라운스톤쌍문,11320-2399,729,0,2006,개인, , ,"60,000",3,9,2024,중개거래,서울 도봉구,59.9788,10,729,1,N, ,노해로40길,71,0,4127004,1,11320,0.0,11320,개인,10500,쌍문동,2024-09-11
 ,신창,11320-62,810,0,1998,개인, , ,"35,000",1,9,2024,중개거래,서울 도봉구,49.77,15,810,1,N, ,덕릉로62길,13,0,4127064,1,11320,0.0,11320,개인,10700,창동,2024-09-11
 ,장미1,11710-170,7,0,1979,개인, , ,"415,000",7,9,2024,중개거래,서울 송파구,182.01,11,7,1,N, ,올림픽로35길,104,0,4169554,1,11710,0.0,11710,개인,10200,신천동,2024-09-11
 ,장미1,11710-170,7,0,1979,개인, , ,"235,000",7,9,2024,중개거래,서울 송파구,82.45,10,7,1,N, ,올림픽로35길,104,0,4169554,1,11710,0.0,11710,개인,10200,신천동,2024-09-11
 ,리센츠,11710-6249,22,0,2008,개인, , ,"271,500",5,9,2024,중개거래,서울 송파구,84.99,17,22,1,N, ,올림픽로,135,0,3123023,1,11710,0.0,11710,개인,10100,잠실동,2024-09-11
 ,헬리오시티,11710-8865,913,0,2018,개인, , ,"190,000",3,9,2024,직거래, ,99.6,27,913,1,N, ,송파대로,345,0,2005011,0,11710,,11710,개인,10700,가락동,2024-09-11
 ,우성,11710-61,96,1,1986,개인, , ,"121,000",1,9,2024,중개거래,서울 송파구,58.46,5,96-1,1,N, ,송파대로32길,8,0,4169335,1,11710,0.0,11710,개인,10700,가락동,2024-09-11
 ,장미1,11710-170,7,0,1979,개인, , ,"210,000",3,9,2024,중개거래,서울 송파구,71.2,7,7,1,N, ,올림픽로35길,104,0,4169554,1,11710,0.0,11710,개인,10200,신천동,2024-09-11
 ,상리제나우스,11200-2991,966,18,2013,기타, , ,"12,000",2,9,2024,중개거래,서울 성동구,12.84,3,966-18,1,N, ,무학봉28길,5,0,4109274,1,11200,0.0,11200,개인,10200,하왕십리동,2024-09-11
 ,대림e-편한세상,11200-18,347,0,2000,개인, , ,"106,000",4,9,2024,직거래, ,114.94,7,347,1,N, ,행당로,79,0,3103006,1,11200,0.0,11200,개인,10700,행당동,2024-09-11
 ,성동상가,11200-2562,336,2,1978,개인, , ,"157,000",6,9,2024,중개거래,서울 성동구,59.21,4,336-2,1,N, ,성덕정15길,12,0,4109326,1,11200,0.0,11200,개인,11500,성수동2가,2024-09-11
 ,서울숲르씨엘,11200-3253,1555,0,2023,개인, , ,"140,000",7,9,2024,중개거래,서울 성동구,84.0492,8,1555,1,N, ,독서당로46길,34,0,4109089,1,11200,,11200,개인,11200,금호동4가,2024-09-11
 ,강변현대,11200-67,400,0,1994,개인, , ,"233,000",6,9,2024,중개거래,서울 성동구,81.8,7,400,1,N, ,둘레11길,1,0,4109129,1,11200,0.0,11200,개인,11500,성수동2가,2024-09-11
 ,서울숲푸르지오,11200-2820,340,0,2007,개인, , ,"147,000",7,9,2024,중개거래,서울 성동구,59.9,7,340,1,N, ,금호로,15,0,3103001,3,11200,0.0,11200,개인,11200,금호동4가,2024-09-11
 ,힐스테이트서울숲리버,11200-3158,1553,0,2018,개인, , ,"205,000",6,9,2024,중개거래,"서울 성동구, 서울 중구",84.88,8,1553,1,N, ,독서당로,344,0,3005014,0,11200,,11200,개인,11200,금호동4가,2024-09-11
 ,서울숲푸르지오,11200-2820,340,0,2007,개인, , ,"204,000",5,9,2024,중개거래,서울 성동구,114.8,1,340,1,N, ,금호로,15,0,3103001,3,11200,0.0,11200,개인,11200,금호동4가,2024-09-11
 ,브라운스톤금호,11200-2789,1507,0,2007,개인, , ,"150,000",1,9,2024,중개거래,서울 성동구,84.838,8,1507,1,N, ,매봉길,24,0,4109229,1,11200,0.0,11200,개인,11200,금호동4가,2024-09-11
 ,금호한신,11200-2691,1662,0,2005,개인, , ,"99,500",2,9,2024,중개거래,"경기 용인시 수지구, 서울 성동구",59.99,7,1662,1,N, ,금호산길,27,0,4109077,2,11200,0.0,11200,개인,11100,금호동3가,2024-09-11
 ,서울숲푸르지오,11200-2820,340,0,2007,개인, , ,"170,000",2,9,2024,중개거래,서울 성동구,59.99,17,340,1,N, ,금호로,15,0,3103001,3,11200,0.0,11200,개인,11200,금호동4가,2024-09-11
 ,흑석한강푸르지오,11590-3965,336,0,2012,개인, , ,"162,000",8,9,2024,중개거래,서울 동작구,84.98,6,336,1,N, ,흑석한강로,27,0,3119012,1,11590,0.0,11590,개인,10500,흑석동,2024-09-11
 ,동작상떼빌,11590-3351,719,0,2006,개인, , ,"91,000",7,9,2024,중개거래,서울 동작구,84.98,19,719,1,N, ,신대방1가길,38,0,4157486,1,11590,0.0,11590,개인,10900,신대방동,2024-09-11
 ,신동아5,11590-88,1137,0,1998,개인, , ,"120,000",7,9,2024,중개거래,서울 동작구,114.68,12,1137,1,N, ,동작대로29길,118,0,4157127,2,11590,0.0,11590,개인,10700,사당동,2024-09-11
 ,두산위브트레지움,11590-3828,1131,0,2011,개인, , ,"129,000",7,9,2024,중개거래,서울 동작구,59.773,19,1131,1,N, ,사당로13길,31,0,4157230,1,11590,0.0,11590,개인,10700,사당동,2024-09-11
 ,상도현대,11590-15,412,0,2003,개인, , ,"66,000",2,9,2024,중개거래,서울 관악구,59.72,14,412,1,N, ,사당로2길,2,32,4157289,1,11590,0.0,11590,개인,10200,상도동,2024-09-11
 ,메가스터디타워,11590-4413,57,1,2015,개인, , ,"17,800",3,9,2024,중개거래,서울 동작구,16.01,11,57-1,1,N, ,노량진로,140,0,3119011,1,11590,,11590,개인,10100,노량진동,2024-09-11
105,상도역롯데캐슬파크엘,11590-4993,904,0,2021,개인, , ,"137,000",1,9,2024,중개거래,서울 동작구,59.9818,10,904,1,N,24.09.02,양녕로,220,0,3005080,1,11590,0.0,11590,개인,10200,상도동,2024-09-11
 ,대방샤인힐,11470-201,1017,0,2003,개인, , ,"46,500",5,9,2024,중개거래,서울 양천구,59.648,1,1017,1,N, ,신월로9길,37,0,4142255,1,11470,0.0,11470,개인,10300,신월동,2024-09-11
 ,목동신시가지6,11470-22,911,0,1986,개인, , ,"147,000",4,9,2024,중개거래,서울 양천구,47.94,16,911,1,N, ,목동동로,430,0,3114001,2,11470,0.0,11470,개인,10200,목동,2024-09-11
 ,목동신시가지2,11470-18,902,0,1986,개인, , ,"292,000",9,9,2024,중개거래,"서울 강서구, 서울 양천구",152.64,5,902,1,N, ,목동서로,70,0,3114003,2,11470,0.0,11470,개인,10200,목동,2024-09-11
 ,양천벽산블루밍2단지,11470-4025,1027,0,2006,개인, , ,"71,000",5,9,2024,중개거래,서울 양천구,84.77,12,1027,1,N, ,월정로9길,20,0,4142333,1,11470,0.0,11470,개인,10300,신월동,2024-09-11
 ,청구,11470-147,336,0,1992,개인, , ,"89,800",7,9,2024,중개거래,서울 양천구,84.99,2,336,1,N, ,신목로2길,11,0,4142233,1,11470,0.0,11470,개인,10100,신정동,2024-09-11
 ,대방샤인힐,11470-201,1017,0,2003,개인, , ,"56,700",2,9,2024,중개거래,서울 양천구,84.957,14,1017,1,N, ,신월로9길,37,0,4142255,1,11470,0.0,11470,개인,10300,신월동,2024-09-11
 ,삼익,11470-33,933,0,1997,개인, , ,"94,500",5,9,2024,중개거래,서울 양천구,59.87,3,933,1,N, ,목동동로12길,45,0,4142097,0,11470,,11470,개인,10200,목동,2024-09-11
 ,목동신시가지9,11470-125,312,0,1987,개인, , ,"142,000",5,9,2024,중개거래,서울 양천구,53.82,15,312,1,N, ,목동서로,340,0,3114003,1,11470,0.0,11470,개인,10100,신정동,2024-09-11
 ,수명산태승훼미리,11470-112,18,17,2002,개인, , ,"63,000",5,9,2024,중개거래,"서울 강서구, 서울 양천구",84.4,6,18-17,1,N, ,월정로,262,0,3005067,1,11470,0.0,11470,개인,10300,신월동,2024-09-11
 ,목동센트럴아이파크위브1단지,11470-5627,1075,0,2020,개인, , ,"118,000",3,9,2024,중개거래,서울 양천구,84.97,21,1075,1,N, ,남부순환로83길,17,0,4142070,1,11470,,11470,개인,10300,신월동,2024-09-11
 ,목동신시가지6,11470-22,911,0,1986,개인, , ,"146,000",6,9,2024,중개거래,서울 양천구,47.94,19,911,1,N, ,목동동로,430,0,3114001,2,11470,0.0,11470,개인,10200,목동,2024-09-11
 ,목동센트럴아이파크위브3단지,11470-5629,1077,0,2020,개인, , ,"100,000",7,9,2024,중개거래,서울 양천구,59.88,6,1077,1,N, ,남부순환로83길,48,0,4142070,1,11470,,11470,개인,10300,신월동,2024-09-11
 ,목동센트럴아이파크위브3단지,11470-5629,1077,0,2020,개인, , ,"73,000",7,9,2024,중개거래,"서울 양천구, 인천 남동구",52.85,2,1077,1,N, ,남부순환로83길,48,0,4142070,1,11470,,11470,개인,10300,신월동,2024-09-11
 ,목동신시가지12,11470-121,326,0,1988,개인, , ,"154,000",7,9,2024,중개거래,서울 양천구,71.64,10,326,1,N, ,목동동로,50,0,3114001,1,11470,0.0,11470,개인,10100,신정동,2024-09-11
 ,신성미소지움3차아파트,11470-4151,1045,0,2007,개인, , ,"50,000",6,9,2024,중개거래,서울 양천구,66.14,4,1045,1,N, ,오목로,39,22,3114014,3,11470,0.0,11470,개인,10300,신월동,2024-09-11
 ,래미안목동아델리체(101동~118동),11470-5691,1326,0,2021,개인, , ,"128,000",5,9,2024,중개거래,서울 양천구,59.82,25,1326,1,N, ,중앙로43길,14,0,4142380,1,11470,,11470,개인,10100,신정동,2024-09-11
 ,목동신시가지12,11470-121,326,0,1988,개인, , ,"160,000",5,9,2024,중개거래,서울 양천구,71.64,7,326,1,N, ,목동동로,50,0,3114001,1,11470,0.0,11470,개인,10100,신정동,2024-09-11
 ,샤인팰리스,11470-274,13,3,2004,개인, , ,"38,000",4,9,2024,중개거래,서울 양천구,84.93,7,13-3,1,N, ,화곡로3길,20,19,4142417,1,11470,0.0,11470,개인,10300,신월동,2024-09-11
 ,목동신시가지13,11470-122,327,0,1987,개인, , ,"189,300",2,9,2024,중개거래,"서울 강서구, 서울 양천구",98.63,13,327,1,N, ,목동동로,100,0,3114001,1,11470,0.0,11470,개인,10100,신정동,2024-09-11
 ,학마을1단지,11470-153,1293,0,2000,개인, , ,"51,000",3,9,2024,중개거래,서울 양천구,49.99,4,1293,1,N, ,신정로14길,6,0,4142259,1,11470,0.0,11470,개인,10100,신정동,2024-09-11
 ,목동신시가지14,11470-123,329,0,1987,개인, , ,"159,000",2,9,2024,중개거래,서울 양천구,74.19,7,329,1,N, ,목동동로,130,0,3114001,1,11470,0.0,11470,개인,10100,신정동,2024-09-11
 ,씨즈건대힐스,11215-4313,530,0,2017,개인, , ,"17,000",10,9,2024,직거래, ,14.23,2,530,1,N, ,광나루로20길,17,0,4112013,0,11215,0.0,11215,개인,10700,화양동,2024-09-11
 ,자양호반써밋,11215-4849,861,0,2021,개인, , ,"96,000",7,9,2024,중개거래,서울 광진구,40.2673,25,861,1,N, ,능동로,69,0,3104007,3,11215,0.0,11215,개인,10500,자양동,2024-09-11
 ,이튼타워리버5차,11215-2790,856,0,2009,개인, , ,"168,000",3,9,2024,중개거래,서울 광진구,84.98,5,856,1,N, ,능동로4길,40,0,4112166,1,11215,0.0,11215,개인,10500,자양동,2024-09-11
 ,은빛1단지,11350-19,1255,0,1998,개인, , ,"36,700",4,9,2024,중개거래,"서울 노원구, 서울 도봉구",39.7,5,1255,1,N, ,동일로245길,162,0,4130254,1,11350,0.0,11350,개인,10500,상계동,2024-09-11
 ,주공2,11350-112,369,0,1992,개인, , ,"23,000",3,9,2024,직거래, ,44.52,7,369,1,N, ,한글비석로14길,8,0,4130387,1,11350,0.0,11350,개인,10600,중계동,2024-09-11
 ,상계현대3차,11350-53,1063,0,1999,개인, , ,"58,000",4,9,2024,중개거래,서울 노원구,84.96,1,1063,1,N, ,수락산로,234,0,3110006,1,11350,0.0,11350,개인,10500,상계동,2024-09-11
 ,상계주공12(고층),11350-32,647,0,1988,개인, , ,"44,950",4,9,2024,중개거래,서울 노원구,41.3,14,647,1,N, ,한글비석로,530,0,3110009,2,11350,0.0,11350,개인,10500,상계동,2024-09-11
 ,녹천역두산위브아파트,11350-2194,950,0,2017,개인, , ,"71,900",7,9,2024,중개거래,서울 노원구,84.9094,7,950,1,N, ,마들로5길,25,0,4130264,1,11350,0.0,11350,개인,10200,월계동,2024-09-11
 ,노원센트럴푸르지오,11350-2275,1355,0,2021,개인, , ,"85,000",7,9,2024,중개거래,서울 노원구,59.996,19,1355,1,N, ,수락산로,12,0,3110006,1,11350,0.0,11350,개인,10500,상계동,2024-09-11
 ,중계그린1단지,11350-120,502,1,1990,개인, , ,"51,500",7,9,2024,중개거래,서울 노원구,49.5,4,502-1,1,N, ,동일로207길,17,0,4130202,2,11350,0.0,11350,개인,10600,중계동,2024-09-11
 ,상계주공10(고층),11350-30,666,0,1988,개인, , ,"58,000",2,9,2024,중개거래,서울 노원구,60.5,8,666,1,N, ,노원로,564,0,3110002,3,11350,0.0,11350,개인,10500,상계동,2024-09-11
 ,한신월드,11350-427,68,1,2005,개인, , ,"27,100",5,9,2024,직거래, ,84.38,3,68-1,1,N, ,중계로8길,120,0,4130375,1,11350,0.0,11350,개인,10600,중계동,2024-09-11
 ,한화꿈에그린,11350-429,598,0,2005,개인, , ,"88,500",2,9,2024,중개거래,서울 노원구,84.902,14,598,1,N, ,중계로8길,29,0,4130375,1,11350,0.0,11350,개인,10600,중계동,2024-09-11
 ,상계주공14(고층),11350-34,626,0,1989,개인, , ,"41,800",4,9,2024,중개거래,서울 노원구,41.3,12,626,1,N, ,동일로228길,23,0,4130217,1,11350,0.0,11350,개인,10500,상계동,2024-09-11
 ,한진한화그랑빌,11350-133,18,0,2002,개인, , ,"85,000",3,9,2024,중개거래,서울 노원구,84.97,23,18,1,N, ,마들로,31,0,3109006,1,11350,0.0,11350,개인,10200,월계동,2024-09-11
 ,태강아파트(아이파크),11350-182,81,0,1999,개인, , ,"62,000",1,9,2024,중개거래,서울 노원구,59.34,2,81,1,N, ,공릉로34길,62,0,4130010,1,11350,0.0,11350,개인,10300,공릉동,2024-09-11
 ,공릉동한보에센시티아파트,11350-184,743,0,2000,개인, , ,"52,500",2,9,2024,중개거래,서울 노원구,59.4,3,743,1,N, ,공릉로46길,19,0,4130025,0,11350,0.0,11350,개인,10300,공릉동,2024-09-11
 ,현대2,11740-80,70,5,1988,개인, , ,"94,500",5,9,2024,중개거래,서울 강동구,79.79,10,70-5,1,N, ,풍성로65길,34,0,4172435,1,11740,0.0,11740,개인,10600,둔촌동,2024-09-11
 ,천호동삼성아파트,11740-171,528,0,1997,개인, , ,"79,500",5,9,2024,중개거래,"서울 강동구, 서울 중랑구",59.86,9,528,1,N, ,성안로25길,15,0,4172177,1,11740,0.0,11740,개인,10900,천호동,2024-09-11
 ,프라자,11740-57,603,0,1984,개인, , ,"91,000",7,9,2024,중개거래,서울 강동구,83.4,1,603,1,N, ,천호대로,1240,0,2000008,3,11740,0.0,11740,개인,10600,둔촌동,2024-09-11
 ,에스케이허브진,11740-347,194,0,2004,개인, , ,"32,800",7,9,2024,중개거래,서울 강동구,33.71,7,194,1,N, ,천호대로,1092,0,2000008,4,11740,0.0,11740,개인,10800,성내동,2024-09-11
 ,래미안솔베뉴,11740-4585,359,0,2019,개인, , ,"120,000",7,9,2024,중개거래,서울 강동구,59.11,17,359,1,N, ,양재대로,1650,0,2000006,0,11740,,11740,개인,10100,명일동,2024-09-11
 ,둔촌역아치스톤(101동),11740-3001,412,0,2010,개인, , ,"93,000",6,9,2024,중개거래,서울 강동구,84.94,5,412,1,N, ,풍성로,203,0,3123024,2,11740,0.0,11740,개인,10800,성내동,2024-09-11
 ,힐스테이트 강동 리버뷰,11740-4658,675,0,2019,개인, , ,"112,000",6,9,2024,중개거래,서울 성동구,59.9958,17,675,1,N, ,올림픽로91길,30,0,4172300,0,11740,0.0,11740,개인,10700,암사동,2024-09-11
 ,대명사이버아파트,11740-168,49,8,2001,개인, , ,"64,000",2,9,2024,중개거래,서울 강동구,84.62,5,49-8,1,N, ,양재대로123길,31,0,4172240,1,11740,0.0,11740,개인,10900,천호동,2024-09-11
 ,고덕롯데캐슬베네루체,11740-4672,514,0,2019,개인, , ,"126,700",1,9,2024,중개거래,"서울 강동구, 서울 송파구",59.981,16,514,1,N, ,상암로79길,88,0,4172145,1,11740,,11740,개인,10300,상일동,2024-09-11
 ,에스케이허브진,11740-347,194,0,2004,개인, , ,"33,000",4,9,2024,중개거래,서울 강동구,33.71,10,194,1,N, ,천호대로,1092,0,2000008,4,11740,0.0,11740,개인,10800,성내동,2024-09-11
 ,장안현대,11230-36,95,1,1984,개인, , ,"69,700",7,9,2024,중개거래,서울 동대문구,95.45,11,95-1,1,N, ,한천로,224,0,3005038,3,11230,0.0,11230,개인,10600,장안동,2024-09-11
 ,주공2,11230-64,57,0,2001,개인, , ,"67,500",7,9,2024,중개거래,서울 동대문구,59.13,9,57,1,N, ,한천로,248,0,3005038,4,11230,0.0,11230,개인,10900,휘경동,2024-09-11
 ,래미안장안2차,11230-129,329,3,2007,개인, , ,"107,000",2,9,2024,중개거래,서울 동대문구,112.92,1,329-3,1,N, ,장안벚꽃로,167,0,3105011,1,11230,0.0,11230,개인,10600,장안동,2024-09-11
 ,래미안위브,11230-2587,1003,0,2014,개인, , ,"135,000",7,9,2024,중개거래,서울 동대문구,84.98,19,1003,1,N, ,답십리로,130,0,3005025,3,11230,0.0,11230,개인,10500,답십리동,2024-09-11
 ,답십리청솔우성,11230-26,80,0,2000,개인, , ,"76,500",7,9,2024,중개거래,서울 동대문구,59.89,8,80,1,N, ,전농로10길,20,0,4115424,1,11230,0.0,11230,개인,10500,답십리동,2024-09-11
 ,동양1차,11230-57,115,0,2000,개인, , ,"65,100",9,9,2024,중개거래,서울 금천구,59.85,5,115,1,N, ,망우로,135,0,3005032,2,11230,0.0,11230,개인,10900,휘경동,2024-09-11
 ,태솔타운(1차),11230-2300,344,8,2012,개인, , ,"31,000",6,9,2024,중개거래,서울 동대문구,49.77,4,344-8,1,N, ,장한로26가길,15,0,4115401,1,11230,0.0,11230,개인,10600,장안동,2024-09-11
 ,동양1차,11230-57,115,0,2000,개인,24.09.09,O,"65,100",8,9,2024,중개거래,서울 금천구,59.85,5,115,1,N, ,망우로,135,0,3005032,2,11230,0.0,11230,개인,10900,휘경동,2024-09-11
 ,래미안장안,11230-70,354,2,2003,개인, , ,"98,500",6,9,2024,중개거래,서울 동대문구,84.774,16,354-2,1,N, ,장한로14길,81,0,4115391,1,11230,0.0,11230,개인,10600,장안동,2024-09-11
 ,주공2,11230-64,57,0,2001,개인, , ,"43,700",2,9,2024,중개거래,서울 동대문구,39.98,14,57,1,N, ,한천로,248,0,3005038,4,11230,0.0,11230,개인,10900,휘경동,2024-09-11
 ,래미안장안,11230-70,354,2,2003,개인, , ,"82,000",2,9,2024,중개거래,서울 동대문구,59.86,13,354-2,1,N, ,장한로14길,81,0,4115391,1,11230,0.0,11230,개인,10600,장안동,2024-09-11
 ,래미안장안2차,11230-129,329,3,2007,개인, , ,"98,500",2,9,2024,중개거래,서울 동대문구,81.05,11,329-3,1,N, ,장안벚꽃로,167,0,3105011,1,11230,0.0,11230,개인,10600,장안동,2024-09-11
 ,휘경SK뷰,11230-2908,372,0,2019,개인, , ,"109,000",4,9,2024,중개거래,서울 성북구,84.62,14,372,1,N, ,휘경로,60,0,3105021,1,11230,0.0,11230,개인,10900,휘경동,2024-09-11
 ,동대문롯데캐슬노블레스,11230-2822,695,0,2018,개인, , ,"122,000",4,9,2024,중개거래,서울 동대문구,59.98,12,695,1,N, ,답십리로23길,30,0,4115061,1,11230,0.0,11230,개인,10400,전농동,2024-09-11
 ,브라운스톤휘경,11230-2283,368,0,2013,개인, , ,"74,500",2,9,2024,중개거래,서울 동대문구,59.78,4,368,1,N, ,망우로20길,86,0,4115127,1,11230,0.0,11230,개인,10900,휘경동,2024-09-11
102,삼익,11230-61,73,0,1997,개인, , ,"40,000",2,9,2024,중개거래,서울 동대문구,59.95,2,73,1,N,24.09.02,한천로55길,9,0,4115639,1,11230,0.0,11230,개인,11000,이문동,2024-09-11
 ,벽산타운II,11620-94,1716,0,2003,개인, , ,"59,500",7,9,2024,중개거래,"경기 파주시, 서울 관악구",57.36,15,1716,1,N, ,구암5가길,49,0,4160042,1,11620,0.0,11620,개인,10100,봉천동,2024-09-11
 ,관악드림(동아),11620-4,1712,0,2003,개인, , ,"93,900",7,9,2024,중개거래,서울 관악구,84.96,16,1712,1,N, ,성현로,80,0,3120004,1,11620,0.0,11620,개인,10100,봉천동,2024-09-11
 ,힐스테이트뉴포레,11620-6128,1746,0,2022,개인, , ,"100,500",5,9,2024,중개거래,서울 관악구,59.9986,35,1746,1,N, ,조원로,25,0,3120010,1,11620,0.0,11620,개인,10200,신림동,2024-09-11
 ,관악산휴먼시아2단지,11620-4347,1735,0,2008,개인, , ,"59,000",4,9,2024,중개거래,서울 관악구,59.96,16,1735,1,N, ,난곡로,55,0,3120003,1,11620,0.0,11620,개인,10200,신림동,2024-09-11
 ,동부,11620-49,1695,0,1993,개인, , ,"61,800",2,9,2024,중개거래,서울 관악구,50.57,12,1695,1,N, ,신원로,26,0,3120007,1,11620,0.0,11620,개인,10200,신림동,2024-09-11
106,관악산휴먼시아1단지,11620-4348,1735,1,2008,개인, , ,"67,700",5,9,2024,중개거래,서울 관악구,84.97,12,1735-1,1,N,24.09.05,난곡로,30,0,3120003,1,11620,0.0,11620,개인,10200,신림동,2024-09-11
 ,현대(관악),11620-28,1000,0,1992,개인, , ,"90,000",1,9,2024,중개거래,서울 관악구,105.84,5,1000,1,N, ,관악로,304,0,3120001,1,11620,0.0,11620,개인,10100,봉천동,2024-09-11
 ,현대(관악),11620-28,1000,0,1992,개인, , ,"78,000",1,9,2024,중개거래,서울 관악구,68.8,7,1000,1,N, ,관악로40길,60,0,4160021,1,11620,0.0,11620,개인,10100,봉천동,2024-09-11
 ,경희궁자이(2단지),11110-2445,199,0,2017,개인, , ,"170,500",7,9,2024,중개거래,"서울 양천구, 서울 종로구",59.8655,2,199,1,N, ,송월길,99,0,4100192,1,11110,,11110,개인,17900,홍파동,2024-09-11
 ,한미(286-1),11500-214,286,1,1988,개인, , ,"43,000",5,9,2024,중개거래,서울 강서구,47.22,1,286-1,1,N, ,양천로23길,9,0,4145397,1,11500,0.0,11500,개인,10900,방화동,2024-09-11
 ,강변,11500-146,1475,0,1992,개인, , ,"51,500",2,9,2024,중개거래,서울 강서구,34.44,3,1475,1,N, ,허준로,139,0,3115013,1,11500,0.0,11500,개인,10400,가양동,2024-09-11
 ,초록,11500-103,1139,0,1998,개인, , ,"70,300",2,9,2024,중개거래,서울 강서구,59.34,6,1139,1,N, ,강서로45다길,30,27,4145054,1,11500,0.0,11500,개인,10300,화곡동,2024-09-11
 ,"우장산아이파크,이편한세상",11500-5419,1159,0,2008,개인, , ,"129,000",1,9,2024,중개거래,서울 강서구,84.97,12,1159,1,N, ,강서로,266,0,3115001,2,11500,0.0,11500,개인,10300,화곡동,2024-09-11
 ,이너스내안에,11500-296,254,2,2004,개인, , ,"63,800",2,9,2024,중개거래,서울 강서구,59.9,3,254-2,1,N, ,양천로75길,22,21,4145429,1,11500,0.0,11500,개인,10100,염창동,2024-09-11
 ,코오롱오투빌2,11500-67,712,0,2002,개인, , ,"75,000",2,9,2024,중개거래,서울 강서구,84.96,3,712,1,N, ,양천로62길,41,0,4145417,1,11500,0.0,11500,개인,10200,등촌동,2024-09-11
 ,e편한세상염창,11500-7907,309,0,2019,개인, , ,"84,500",2,9,2024,중개거래,서울 강서구,55.0323,8,309,1,N, ,공항대로,583,0,2005007,1,11500,0.0,11500,개인,10100,염창동,2024-09-11
 ,SPACE(920-5),11500-6888,920,5,2014,개인, , ,"15,300",2,9,2024,중개거래,서울 마포구,19.75,15,920-5,1,N, ,곰달래로,86,0,3005063,0,11500,,11500,개인,10300,화곡동,2024-09-11
 ,백련산파크자이,11380-10961,766,0,2021,개인, , ,"71,300",2,9,2024,중개거래,"경기 안양시 동안구, 서울 은평구",55.885,12,766,1,N, ,백련산로,67,0,3111003,1,11380,,11380,개인,10700,응암동,2024-09-11
 ,DMC우방,11380-84,244,0,2000,개인, , ,"73,000",5,9,2024,직거래, ,114.97,9,244,1,N, ,증산로3길,26,1,4133263,1,11380,0.0,11380,개인,11000,증산동,2024-09-11
 ,백련산에스케이뷰아이파크,11380-11008,767,0,2020,개인, , ,"90,000",8,9,2024,중개거래,서울 은평구,59.9335,16,767,1,N, ,응암로30길,16,0,4133240,1,11380,0.0,11380,개인,10700,응암동,2024-09-11
 ,DMC우방,11380-84,244,0,2000,개인, , ,"68,000",6,9,2024,중개거래,"서울 도봉구, 서울 은평구",59.91,3,244,1,N, ,증산로3길,26,1,4133263,1,11380,0.0,11380,개인,11000,증산동,2024-09-11
 ,녹번역e편한세상캐슬,11380-11078,769,0,2021,개인, , ,"107,500",1,9,2024,중개거래,서울 은평구,59.96,9,769,1,N, ,은평로,220,0,3111007,1,11380,,11380,개인,10700,응암동,2024-09-11
 ,녹번역e편한세상캐슬,11380-11078,769,0,2021,개인, , ,"120,000",4,9,2024,중개거래,서울 은평구,84.94,8,769,1,N, ,은평로,220,0,3111007,1,11380,,11380,개인,10700,응암동,2024-09-11
 ,우물골2단지두산위브(223~244동)BL2-7,11380-8515,84,0,2010,개인, , ,"115,000",5,9,2024,중개거래,서울 은평구,134.43,2,84,1,N, ,진관2로,57,37,3111010,1,11380,0.0,11380,개인,11400,진관동,2024-09-11
 ,녹번역센트레빌,11380-9567,762,0,2013,개인, , ,"73,100",1,9,2024,직거래, ,84.97,14,762,1,N, ,백련산로,160,0,3111003,1,11380,0.0,11380,개인,10700,응암동,2024-09-11
 ,힐스테이트녹번,11380-10967,282,0,2019,개인, , ,"96,500",4,9,2024,중개거래,서울 은평구,59.938,1,282,1,N, ,통일로,610,0,3000008,0,11380,0.0,11380,개인,10200,녹번동,2024-09-11
 ,경남아너스빌,11380-247,224,0,2004,개인, , ,"58,750",3,9,2024,중개거래,서울 은평구,84.69,19,224,1,N, ,갈현로11길,46,0,4133015,1,11380,0.0,11380,개인,10500,구산동,2024-09-11
109,e편한세상 수색 에코포레,11380-100,415,1,2003,개인, , ,"82,000",3,9,2024,직거래, ,114.18,13,415-1,1,N,24.09.04,은평터널로,65,0,3111008,1,11380,0.0,11380,개인,10100,수색동,2024-09-11
 ,폭포동4단지힐스테이트(423~425동)BL3-10,11380-8597,132,0,2010,개인, , ,"112,000",2,9,2024,직거래, ,134.87,7,132,1,N, ,연서로44길,30,0,4133179,1,11380,0.0,11380,개인,11400,진관동,2024-09-11
 ,대경아르체아파트,11380-11230,26,14,2021,개인, , ,"38,000",2,9,2024,직거래, ,29.99,11,26-14,1,N,24.09.04,진흥로,153,0,3100020,0,11380,,11380,법인,10600,대조동,2024-09-11
 ,이랜드타운아파트,11380-265,367,0,2004,개인, , ,"57,000",2,9,2024,중개거래,서울 은평구,59.982,6,367,1,N, ,은평터널로,121,6,3111008,2,11380,0.0,11380,개인,10900,신사동,2024-09-11
 ,SG타워,11260-138,128,10,2004,개인, , ,"53,000",3,9,2024,중개거래,서울 중랑구,84.92,9,128-10,1,N, ,동일로,709,0,3000001,2,11260,0.0,11260,개인,10200,상봉동,2024-09-11
 ,이편한세상화랑대,11260-3783,396,0,2017,개인, , ,"106,000",2,9,2024,중개거래,서울 중랑구,84.834,11,396,1,N, ,숙선옹주로,45,0,3106006,0,11260,0.0,11260,개인,10400,묵동,2024-09-11
 ,리더스,11260-4017,104,10,2019,개인, , ,"31,500",6,9,2024,중개거래,서울 중랑구,28.01,8,104-10,1,N, ,면목로92길,28,0,4118261,0,11260,0.0,11260,개인,10200,상봉동,2024-09-11
 ,신내 데시앙포레,11260-2821,817,0,2013,개인, , ,"71,000",7,9,2024,중개거래,서울 중랑구,84.94,1,817,1,N, ,신내역로,165,0,3106013,0,11260,,11260,개인,10600,신내동,2024-09-11
 ,동성1,11260-83,397,0,1993,개인, , ,"47,000",5,9,2024,중개거래,서울 중랑구,65.56,8,397,1,N, ,신내로,128,0,3106007,2,11260,0.0,11260,개인,10600,신내동,2024-09-11
 ,상봉베스트원,11260-3951,101,19,2019,개인, , ,"28,000",3,9,2024,중개거래,서울 중랑구,27.31,7,101-19,1,N, ,망우로,304,0,3005032,1,11260,0.0,11260,개인,10200,상봉동,2024-09-11
